date,open,high,low,close,volume
2021-03-26 02:30:00,120.0,121.2,118.8,120.0,9499.0
2021-03-30 02:30:00,118.8,120.0,118.0,119.6,4848.0
2021-03-31 02:30:00,119.6,122.4,118.8,120.0,10617.0
2021-04-01 02:30:00,121.2,122.4,118.8,119.6,6240.0
2021-04-02 02:30:00,119.2,120.4,118.8,120.0,8171.0
2021-04-05 02:30:00,120.0,122.4,119.2,120.8,10627.0
2021-04-06 02:30:00,119.6,123.6,119.6,120.0,5708.0
2021-04-07 02:30:00,122.8,123.6,119.2,123.2,24936.0
2021-04-08 02:30:00,126.0,126.0,122.0,122.8,26889.0
2021-04-09 02:30:00,125.6,125.6,122.0,122.0,9744.0
2021-04-13 02:30:00,120.8,122.4,119.6,121.2,11809.0
2021-04-14 02:30:00,120.8,124.8,120.0,121.2,5736.0
2021-04-16 02:30:00,120.4,123.6,120.4,121.2,7084.0
2021-04-19 02:30:00,120.4,122.0,120.4,122.0,13620.0
2021-04-20 02:30:00,122.4,122.4,120.4,120.8,3180.0
2021-04-21 02:30:00,119.6,121.6,119.6,121.6,6296.0
2021-04-22 02:30:00,122.0,123.6,121.6,122.4,23651.0
2021-04-23 02:30:00,121.6,124.0,120.8,123.2,30720.0
2021-04-26 02:30:00,122.4,124.4,120.8,121.6,20812.0
2021-04-27 02:30:00,120.8,120.8,117.6,118.0,20584.0
2021-04-28 02:30:00,118.0,121.6,117.2,121.2,9409.0
2021-04-29 02:30:00,120.8,121.2,118.8,120.4,3261.0
2021-04-30 02:30:00,119.6,121.6,119.6,121.2,4080.0
2021-05-03 02:30:00,120.0,122.4,120.0,122.0,15980.0
2021-05-04 02:30:00,121.2,122.8,121.2,121.2,9543.0
2021-05-05 02:30:00,122.4,124.0,121.2,123.6,30285.0
2021-05-06 02:30:00,124.0,129.6,124.0,129.6,100749.0
2021-05-07 02:30:00,132.4,132.8,126.4,128.8,48554.0
2021-05-10 02:30:00,128.0,131.6,125.6,126.4,22660.0
2021-05-11 02:30:00,126.4,128.8,125.2,126.8,18823.0
2021-05-12 02:30:00,126.8,130.4,125.6,128.0,24195.0
2021-05-13 02:30:00,129.2,134.8,128.0,134.8,91805.0
2021-05-14 02:30:00,138.4,142.0,132.8,142.0,106163.0
2021-05-17 02:30:00,146.0,146.0,136.8,138.8,73046.0
2021-05-18 02:30:00,142.4,142.8,136.4,142.8,65183.0
2021-05-19 02:30:00,146.8,150.8,142.4,150.8,38021.0
2021-05-20 02:30:00,155.2,159.6,144.4,150.0,77918.0
2021-05-21 02:30:00,148.4,150.0,144.8,147.2,34855.0
2021-05-24 02:30:00,151.2,151.2,144.4,150.0,44088.0
2021-05-25 02:30:00,151.6,152.4,147.6,148.0,26875.0
2021-05-26 02:30:00,148.0,156.0,148.0,155.2,47029.0
2021-05-28 02:30:00,156.0,164.4,155.2,164.4,71557.0
2021-05-31 02:30:00,166.0,174.8,164.4,174.8,56638.0
2021-06-01 02:30:00,176.0,178.0,164.0,166.8,83037.0
2021-06-02 02:30:00,164.8,169.6,158.8,162.4,41633.0
2021-06-03 02:30:00,162.4,170.0,158.8,165.6,47970.0
2021-06-04 02:30:00,166.0,168.0,159.2,162.0,38132.0
2021-06-07 02:30:00,160.0,160.0,154.0,156.4,51222.0
2021-06-08 02:30:00,154.8,164.0,153.2,164.0,38768.0
2021-06-09 02:30:00,164.8,171.6,164.8,169.6,48622.0
2021-06-10 02:30:00,174.8,174.8,162.0,167.2,33740.0
2021-06-11 02:30:00,172.4,172.4,166.4,173.6,45162.0
2021-06-14 02:30:00,179.2,184.8,172.4,184.8,113605.0
2021-06-15 02:30:00,190.8,197.2,180.0,194.0,93202.0
2021-06-16 02:30:00,196.0,199.6,185.6,190.0,56065.0
2021-06-17 02:30:00,183.6,184.0,177.2,177.2,65569.0
2021-06-18 02:30:00,171.6,186.0,165.6,179.2,33434.0
2021-06-21 02:30:00,180.8,182.0,171.6,172.0,31542.0
2021-06-22 02:30:00,172.0,172.0,163.6,163.6,21518.0
2021-06-23 02:30:00,164.8,173.6,163.6,173.6,27770.0
2021-06-24 02:30:00,179.2,183.2,176.0,178.4,40904.0
2021-06-25 02:30:00,178.8,180.8,172.4,176.4,22854.0
2021-06-28 02:30:00,176.0,176.8,172.0,174.0,14963.0
2021-06-29 02:30:00,174.0,176.0,170.4,171.6,12432.0
2021-06-30 02:30:00,169.6,172.8,166.4,168.0,11676.0
2021-07-01 02:30:00,173.2,173.2,161.6,167.6,13431.0
2021-07-02 02:30:00,168.0,175.6,167.6,168.4,7161.0
2021-07-05 02:30:00,169.2,170.0,164.0,166.0,5994.0
2021-07-06 02:30:00,166.0,166.4,164.0,164.4,4294.0
2021-07-07 02:30:00,163.2,166.4,161.6,163.6,5924.0
2021-07-08 02:30:00,168.4,168.4,161.6,162.0,6855.0
2021-07-09 02:30:00,160.0,166.0,158.0,164.4,7743.0
2021-07-12 02:30:00,166.0,173.2,164.8,173.2,12370.0
2021-07-13 02:30:00,174.8,175.2,166.8,169.6,14791.0
2021-07-14 02:30:00,168.0,172.0,167.2,170.0,5890.0
2021-07-15 02:30:00,170.0,173.2,168.8,171.6,9025.0
2021-07-16 02:30:00,171.6,179.2,170.8,175.6,28303.0
2021-07-19 02:30:00,177.6,182.0,176.0,177.2,19530.0
2021-07-20 02:30:00,179.2,180.0,175.4,176.0,13084.0
2021-07-21 02:30:00,176.0,178.0,174.8,176.4,12169.0
2021-07-23 02:30:00,176.04,180.0,176.04,177.0,16611.0
2021-07-26 02:30:00,179.2,188.4,177.24,186.0,67121.0
2021-07-27 02:30:00,188.52,190.0,185.2,185.2,41424.0
2021-07-28 02:30:00,186.0,197.72,184.0,196.8,82073.0
2021-07-29 02:30:00,199.52,205.12,192.4,193.2,63237.0
2021-07-30 02:30:00,190.8,192.0,187.2,190.4,29843.0
2021-08-02 02:30:00,190.0,198.0,188.0,196.8,53294.0
2021-08-03 02:30:00,199.2,209.8,197.2,208.32,110616.0
2021-08-04 02:30:00,211.28,212.8,201.6,212.8,60660.0
2021-08-05 02:30:00,215.84,227.2,214.0,226.8,73907.0
2021-08-06 02:30:00,230.0,230.0,219.2,219.8,63229.0
2021-08-09 02:30:00,219.2,227.2,210.0,220.0,72837.0
2021-08-10 02:30:00,223.2,229.76,217.6,223.6,53384.0
2021-08-11 02:30:00,226.84,232.8,220.4,220.52,43421.0
2021-08-12 02:30:00,223.6,224.4,221.2,223.2,24558.0
2021-08-13 02:30:00,223.2,225.6,219.96,220.4,32005.0
2021-08-16 02:30:00,220.4,222.0,210.4,218.0,38365.0
2021-08-17 02:30:00,215.2,224.8,214.84,222.8,44139.0
2021-08-18 02:30:00,220.0,239.08,219.56,239.08,84473.0
2021-08-19 02:30:00,242.64,256.96,242.64,256.96,51008.0
2021-08-20 02:30:00,260.8,260.8,240.0,242.0,67285.0
2021-08-25 02:30:00,238.36,238.36,223.8,223.8,13541.0
2021-08-26 02:30:00,220.56,220.56,207.44,216.8,52525.0
2021-08-27 02:30:00,216.0,232.48,214.0,232.48,43128.0
2021-08-30 02:30:00,235.8,246.4,224.8,233.6,54599.0
2021-09-01 02:30:00,236.8,237.04,222.68,224.4,16823.0
2021-09-02 02:30:00,227.6,230.0,215.2,225.6,16244.0
2021-09-03 02:30:00,225.6,227.2,219.2,219.2,17379.0
2021-09-06 02:30:00,216.04,216.04,203.36,210.0,27220.0
2021-09-07 02:30:00,208.0,225.0,208.0,225.0,16773.0
2021-09-08 02:30:00,228.24,232.4,220.0,224.0,15241.0
2021-09-09 02:30:00,224.0,228.0,220.72,220.8,20478.0
2021-09-10 02:30:00,220.8,227.28,220.8,221.2,17241.0
2021-09-13 02:30:00,224.4,234.0,224.4,231.2,23600.0
2021-09-14 02:30:00,234.4,236.0,224.4,226.8,16080.0
2021-09-15 02:30:00,224.0,229.6,222.0,222.0,9055.0
2021-09-16 02:30:00,222.4,225.0,219.6,220.04,8935.0
2021-09-17 02:30:00,217.2,219.2,211.2,214.44,17707.0
2021-09-21 02:30:00,212.0,213.6,199.0,199.2,19346.0
2021-09-22 02:30:00,201.96,208.8,185.28,202.0,33589.0
2021-09-23 02:30:00,204.84,214.0,204.84,213.6,22861.0
2021-09-24 02:30:00,216.0,216.0,206.0,208.8,12831.0
2021-09-27 02:30:00,206.0,208.8,196.8,200.76,19904.0
2021-09-28 02:30:00,203.56,206.4,192.0,196.0,9732.0
2021-09-29 02:30:00,196.0,196.0,183.6,185.16,16991.0
2021-09-30 02:30:00,187.64,194.64,181.52,193.2,9498.0
2021-10-01 02:30:00,195.6,198.52,185.6,186.0,7365.0
2021-10-04 02:30:00,184.0,184.0,178.0,180.4,7467.0
2021-10-05 02:30:00,180.0,180.0,174.0,175.6,7845.0
2021-10-06 02:30:00,176.0,184.8,176.0,179.2,6547.0
2021-10-07 02:30:00,181.56,186.0,181.56,184.0,9771.0
2021-10-11 02:30:00,186.0,190.0,182.4,183.2,6454.0
2021-10-12 02:30:00,183.2,184.4,179.2,183.2,4904.0
2021-10-18 02:30:00,183.2,183.2,178.0,181.64,1622.0
2021-10-19 02:30:00,181.2,181.2,176.0,176.0,5414.0
2021-10-20 02:30:00,174.4,176.0,168.4,168.8,4334.0
2021-10-21 02:30:00,170.96,179.68,170.8,179.68,9086.0
2021-10-22 02:30:00,182.04,186.8,177.24,178.12,6570.0
2021-10-25 02:30:00,175.76,184.0,173.36,180.4,6374.0
2021-10-26 02:30:00,182.8,192.44,182.0,192.4,18050.0
2021-10-27 02:30:00,194.4,205.2,194.4,205.2,18952.0
2021-10-28 02:30:00,206.0,208.0,197.2,199.6,100385.0
2021-10-29 02:30:00,197.2,205.2,193.28,201.2,80001.0
2021-11-01 02:30:00,198.4,210.96,187.08,208.8,927002.0
2021-11-02 02:30:00,211.76,217.6,202.72,203.6,333699.0
2021-11-03 02:30:00,206.44,206.44,198.4,205.6,137888.0
2021-11-04 02:30:00,204.0,205.6,200.36,201.48,252202.0
2021-11-09 02:30:00,204.28,204.28,194.4,196.32,160780.0
2021-11-10 02:30:00,197.6,197.6,188.28,190.72,295831.0
2021-11-12 02:30:00,188.4,192.0,185.44,185.52,187566.0
2021-11-15 02:30:00,185.52,192.0,184.0,188.4,140098.0
2021-11-16 02:30:00,190.96,195.16,190.8,191.92,152590.0
2021-11-17 02:30:00,193.6,199.2,190.0,199.0,228742.0
2021-11-18 02:30:00,201.6,206.0,198.0,198.8,294506.0
2021-11-19 02:30:00,196.04,202.8,193.6,195.96,171715.0
2021-11-22 02:30:00,195.96,199.2,194.0,196.8,130156.0
2021-11-23 02:30:00,198.0,200.4,196.0,196.0,132030.0
2021-11-24 02:30:00,194.08,198.0,191.36,193.4,131881.0
2021-11-25 02:30:00,192.0,198.8,190.0,196.0,125449.0
2021-11-26 02:30:00,196.8,198.8,195.2,196.84,150280.0
2021-11-29 02:30:00,194.12,196.8,187.4,188.4,176308.0
2021-11-30 02:30:00,188.4,193.56,187.6,190.4,102812.0
2021-12-01 02:30:00,193.0,193.76,188.2,192.0,65234.0
2021-12-02 02:30:00,194.44,194.64,191.2,192.0,89366.0
2021-12-03 02:30:00,194.64,194.64,186.0,187.2,91689.0
2021-12-06 02:30:00,184.8,188.0,180.8,181.6,122209.0
2021-12-07 02:30:00,180.8,188.0,173.36,184.8,187946.0
2021-12-08 02:30:00,187.28,189.4,178.8,179.6,99545.0
2021-12-09 02:30:00,181.2,182.0,174.0,175.2,66817.0
2021-12-10 02:30:00,174.8,176.8,169.76,172.08,132288.0
2021-12-13 02:30:00,172.92,172.92,161.2,163.6,148291.0
2021-12-14 02:30:00,161.56,163.2,153.24,154.0,171211.0
2021-12-15 02:30:00,155.2,163.4,155.2,163.4,93895.0
2021-12-16 02:30:00,165.2,173.72,165.08,171.4,257848.0
2021-12-17 02:30:00,172.8,172.8,164.8,166.8,126766.0
2021-12-21 02:30:00,164.8,166.8,161.8,162.36,105292.0
2021-12-22 02:30:00,160.32,170.8,160.32,169.6,93734.0
2021-12-23 02:30:00,171.6,179.2,170.0,178.4,153259.0
2021-12-24 02:30:00,180.4,182.8,172.8,176.4,128123.0
2021-12-27 02:30:00,178.4,178.8,174.32,175.92,115254.0
2021-12-28 02:30:00,174.0,178.16,168.0,168.8,118407.0
2021-12-29 02:30:00,166.8,172.0,165.6,169.96,81741.0
2021-12-30 02:30:00,168.0,172.0,168.0,169.2,44404.0
2022-01-03 02:30:00,170.0,171.2,167.6,169.2,54476.0
2022-01-04 02:30:00,171.2,174.0,169.0,169.56,71847.0
2022-01-05 02:30:00,170.0,172.0,168.0,172.0,72936.0
2022-01-06 02:30:00,174.0,178.0,168.4,174.4,150798.0
2022-01-07 02:30:00,172.44,176.68,172.0,176.0,80948.0
2022-01-10 02:30:00,178.0,185.2,176.68,185.0,243529.0
2022-01-11 02:30:00,187.48,195.2,183.48,189.6,259318.0
2022-01-12 02:30:00,189.6,192.0,187.2,189.28,159000.0
2022-01-13 02:30:00,190.36,194.2,184.36,185.6,237434.0
2022-01-14 02:30:00,188.0,192.0,185.44,191.56,187723.0
2022-01-17 02:30:00,194.16,200.0,192.8,194.4,261851.0
2022-01-18 02:30:00,197.08,197.08,192.0,194.08,162598.0
2022-01-19 02:30:00,194.0,195.2,187.2,189.64,204240.0
2022-01-20 02:30:00,190.8,192.0,186.0,187.6,144065.0
2022-01-21 02:30:00,187.6,192.8,185.08,192.6,139968.0
2022-01-24 02:30:00,195.2,196.0,190.0,192.0,150700.0
2022-01-25 02:30:00,190.0,190.0,184.8,185.6,228358.0
2022-01-26 02:30:00,185.56,188.4,183.2,185.2,100632.0
2022-01-27 02:30:00,187.2,187.2,181.2,182.76,127391.0
2022-01-28 02:30:00,182.0,185.2,182.0,182.8,77668.0
2022-01-31 02:30:00,185.2,192.0,185.2,191.6,181534.0
2022-02-01 02:30:00,194.0,194.0,188.0,188.04,95182.0
2022-02-02 02:30:00,188.0,193.8,187.2,192.0,170026.0
2022-02-04 02:30:00,189.36,198.0,189.36,190.8,273319.0
2022-02-07 02:30:00,190.8,190.8,186.8,188.4,105809.0
2022-02-08 02:30:00,187.2,192.0,186.8,189.2,85951.0
2022-02-09 02:30:00,191.6,196.88,187.6,188.0,168317.0
2022-02-10 02:30:00,188.0,188.8,186.0,187.28,58215.0
2022-02-11 02:30:00,188.0,189.2,184.8,186.6,54866.0
2022-02-14 02:30:00,186.6,186.6,179.6,180.4,145952.0
2022-02-15 02:30:00,180.0,184.76,179.2,181.6,83109.0
2022-02-16 02:30:00,183.96,188.0,181.2,186.4,66135.0
2022-02-17 02:30:00,188.0,188.8,182.4,183.2,60584.0
2022-02-18 02:30:00,184.4,184.8,182.04,182.8,40354.0
2022-02-21 02:30:00,180.36,185.2,178.0,182.4,101260.0
2022-02-22 02:30:00,183.2,185.2,182.4,184.0,37422.0
2022-02-23 02:30:00,186.48,186.8,184.44,184.8,69622.0
2022-02-24 02:30:00,185.2,194.0,185.2,189.56,207908.0
2022-02-25 02:30:00,192.0,192.0,184.4,185.2,132537.0
2022-02-28 02:30:00,185.2,188.8,183.24,186.0,83539.0
2022-03-01 02:30:00,188.4,192.0,182.36,182.8,107485.0
2022-03-03 02:30:00,185.24,185.24,178.0,178.96,119075.0
2022-03-07 02:30:00,178.96,183.72,177.64,177.64,76236.0
2022-03-08 02:30:00,178.0,180.0,175.24,175.52,66705.0
2022-03-10 02:30:00,177.56,177.56,170.48,171.4,60791.0
2022-03-11 02:30:00,173.6,178.2,168.0,178.0,95856.0
2022-03-14 02:30:00,180.0,184.44,179.2,183.16,83804.0
2022-03-15 02:30:00,185.6,185.6,180.4,182.0,18191.0
2022-03-16 02:30:00,182.0,183.2,178.84,179.8,66017.0
2022-03-17 02:30:00,180.0,182.0,178.4,178.8,44702.0
2022-03-21 02:30:00,180.8,180.8,177.2,177.6,30649.0
2022-03-22 02:30:00,177.6,182.4,176.8,180.0,55854.0
2022-03-23 02:30:00,182.36,184.0,178.8,179.2,40978.0
2022-03-24 02:30:00,180.0,181.2,178.4,179.2,31571.0
2022-03-25 02:30:00,180.0,180.0,176.4,177.6,50566.0
2022-03-28 02:30:00,177.6,179.6,173.2,174.16,65804.0
2022-03-29 02:30:00,172.12,175.84,171.6,171.6,44344.0
2022-03-30 02:30:00,172.0,174.8,170.0,171.56,26200.0
2022-03-31 02:30:00,172.8,176.0,170.8,176.0,51479.0
2022-04-01 02:30:00,177.16,177.2,172.0,172.4,40331.0
2022-04-04 02:30:00,174.0,174.0,170.12,170.12,29137.0
2022-04-05 02:30:00,170.4,172.0,169.2,169.6,28207.0
2022-04-06 02:30:00,171.6,171.6,164.0,167.2,64019.0
2022-04-07 02:30:00,167.2,169.2,163.6,165.0,32959.0
2022-04-08 02:30:00,166.0,168.0,163.88,166.4,53768.0
2022-04-12 02:30:00,168.4,170.56,163.6,164.4,38057.0
2022-04-13 02:30:00,164.4,164.4,158.8,159.24,35588.0
2022-04-14 02:30:00,161.16,162.8,156.0,160.4,37228.0
2022-04-18 02:30:00,161.6,161.6,157.2,157.2,24456.0
2022-04-19 02:30:00,156.0,158.12,153.2,154.4,32927.0
2022-04-20 02:30:00,154.4,158.0,150.0,154.0,39951.0
2022-04-21 02:30:00,154.0,154.8,149.2,149.2,38859.0
2022-04-22 02:30:00,150.84,150.92,145.76,149.56,40304.0
2022-04-25 02:30:00,151.32,158.48,150.4,158.48,58768.0
2022-04-26 02:30:00,160.0,164.0,156.04,158.04,50641.0
2022-04-27 02:30:00,159.6,161.2,155.8,157.6,17272.0
2022-04-28 02:30:00,156.04,158.0,154.4,156.8,48243.0
2022-04-29 02:30:00,158.72,159.2,155.2,155.6,36966.0
2022-05-03 02:30:00,155.6,156.4,151.16,152.8,56829.0
2022-05-05 02:30:00,152.8,154.4,148.8,149.2,29708.0
2022-05-06 02:30:00,150.4,151.16,145.12,146.8,47647.0
2022-05-09 02:30:00,147.6,154.0,143.6,152.12,44947.0
2022-05-10 02:30:00,153.96,154.8,150.4,150.8,48867.0
2022-05-11 02:30:00,150.84,155.6,149.6,155.04,48259.0
2022-05-12 02:30:00,156.0,163.2,154.8,161.64,74193.0
2022-05-13 02:30:00,163.64,166.4,158.0,158.44,73942.0
2022-05-18 02:30:00,157.2,157.2,152.32,152.8,39715.0
2022-05-19 02:30:00,154.4,159.6,149.4,155.6,31738.0
2022-05-20 02:30:00,157.48,159.6,152.24,154.0,26988.0
2022-05-21 02:30:00,152.4,155.6,152.4,153.6,14524.0
2022-05-24 02:30:00,152.0,153.84,150.0,151.2,26742.0
2022-05-25 02:30:00,151.6,155.2,150.6,152.4,49420.0
2022-05-26 02:30:00,152.4,155.8,152.4,152.8,33951.0
2022-05-27 02:30:00,153.6,154.16,151.6,152.0,18815.0
2022-05-28 02:30:00,151.6,153.8,150.16,151.6,28945.0
2022-05-31 02:30:00,150.8,154.0,149.2,150.4,24748.0
2022-06-01 02:30:00,150.4,151.2,148.0,148.8,28384.0
2022-06-02 02:30:00,148.6,151.32,147.04,149.56,26811.0
2022-06-03 02:30:00,149.16,150.36,148.0,148.56,19027.0
2022-06-04 02:30:00,146.96,149.6,146.92,147.6,26837.0
2022-06-07 02:30:00,148.8,150.4,146.44,147.6,25060.0
2022-06-08 02:30:00,146.8,148.4,145.6,146.4,21055.0
2022-06-09 02:30:00,146.8,152.16,146.0,149.6,37243.0
2022-06-10 02:30:00,150.76,151.6,146.8,147.6,29894.0
2022-06-11 02:30:00,149.32,149.32,145.6,146.0,22773.0
2022-06-14 02:30:00,147.2,147.6,144.4,145.12,18892.0
2022-06-15 02:30:00,144.0,145.2,143.4,143.4,26869.0
2022-06-16 02:30:00,142.04,143.52,140.0,141.2,41673.0
2022-06-17 02:30:00,140.8,143.6,140.0,141.2,19846.0
2022-06-18 02:30:00,141.6,142.4,140.0,140.08,6196.0
2022-06-20 02:30:00,140.8,141.6,137.6,137.6,34797.0
2022-06-21 02:30:00,136.12,139.0,133.6,134.0,39790.0
2022-06-22 02:30:00,133.6,138.0,133.6,136.8,26323.0
2022-06-23 02:30:00,137.4,137.4,134.0,134.0,17087.0
2022-06-24 02:30:00,132.6,132.6,128.4,129.8,29364.0
2022-06-25 02:30:00,128.44,133.44,124.8,131.16,23312.0
2022-06-27 02:30:00,132.0,138.24,132.0,138.0,62001.0
2022-06-28 02:30:00,139.2,141.6,134.12,135.2,53399.0
2022-06-29 02:30:00,136.0,136.0,132.8,134.72,15329.0
2022-06-30 02:30:00,135.2,138.4,133.4,136.4,41117.0
2022-07-01 02:30:00,137.2,141.6,135.68,140.48,63299.0
2022-07-02 02:30:00,141.2,142.76,139.2,140.4,36414.0
2022-07-04 02:30:00,140.0,146.4,138.84,144.8,54483.0
2022-07-05 02:30:00,145.6,150.8,140.0,142.8,122540.0
2022-07-06 02:30:00,144.0,146.08,141.2,142.0,60191.0
2022-07-07 02:30:00,143.6,145.2,140.36,143.2,33940.0
2022-07-08 02:30:00,144.8,146.48,141.6,142.4,35297.0
2022-07-09 02:30:00,143.2,143.2,139.96,140.0,28424.0
2022-07-12 02:30:00,140.0,140.04,134.64,135.6,54405.0
2022-07-13 02:30:00,135.6,138.68,134.12,135.64,37024.0
2022-07-14 02:30:00,136.8,140.8,136.8,140.8,54919.0
2022-07-15 02:30:00,141.6,142.8,138.88,141.56,31786.0
2022-07-16 02:30:00,141.56,141.6,139.96,140.2,14354.0
2022-07-18 02:30:00,141.6,141.8,139.2,140.4,29011.0
2022-07-19 02:30:00,141.6,141.6,139.2,140.04,18908.0
2022-07-20 02:30:00,140.8,142.8,140.04,140.12,52176.0
2022-07-21 02:30:00,140.0,142.4,140.0,140.8,24776.0
2022-07-22 02:30:00,141.2,141.56,139.24,140.08,23086.0
2022-07-23 02:30:00,141.6,141.6,138.08,138.8,23923.0
2022-07-25 02:30:00,139.96,142.8,138.4,142.8,63836.0
2022-07-26 02:30:00,143.2,147.6,143.2,147.16,98191.0
2022-07-27 02:30:00,147.2,148.8,144.0,144.8,80430.0
2022-07-28 02:30:00,143.6,148.6,142.4,148.0,105759.0
2022-07-29 02:30:00,149.76,152.4,146.4,150.4,162383.0
2022-07-30 02:30:00,149.4,151.8,148.2,150.4,41775.0
2022-08-01 02:30:00,152.2,159.2,152.2,153.84,217655.0
2022-08-02 02:30:00,155.68,157.92,152.4,155.2,131315.0
2022-08-03 02:30:00,154.0,156.8,153.2,154.28,57065.0
2022-08-04 02:30:00,155.16,158.0,154.0,155.2,86773.0
2022-08-05 02:30:00,154.8,155.96,150.8,151.2,74049.0
2022-08-06 02:30:00,150.8,153.6,149.0,149.2,82865.0
2022-08-08 02:30:00,148.4,153.2,148.4,150.6,66750.0
2022-08-09 02:30:00,152.4,153.2,148.8,149.6,59135.0
2022-08-10 02:30:00,148.48,150.0,146.8,147.2,61656.0
2022-08-11 02:30:00,146.04,148.0,145.28,146.0,47963.0
2022-08-12 02:30:00,147.2,148.52,144.0,144.4,61947.0
2022-08-15 02:30:00,144.4,147.2,143.2,143.4,39670.0
2022-08-16 02:30:00,144.4,149.28,143.2,148.8,58932.0
2022-08-17 02:30:00,150.0,150.4,145.6,145.6,67308.0
2022-08-18 02:30:00,145.6,146.96,144.8,145.2,29340.0
2022-08-19 02:30:00,146.0,150.0,145.6,149.96,82248.0
2022-08-22 02:30:00,150.0,153.52,148.04,148.04,72057.0
2022-08-23 02:30:00,146.4,149.6,146.4,148.0,45062.0
2022-08-24 02:30:00,147.24,148.8,146.28,147.2,25201.0
2022-08-25 02:30:00,148.0,148.8,146.88,146.88,19515.0
2022-08-26 02:30:00,148.6,148.6,146.0,146.4,30432.0
2022-08-27 02:30:00,148.12,148.12,144.4,145.4,22283.0
2022-08-29 02:30:00,146.6,146.72,142.72,142.8,51616.0
2022-08-30 02:30:00,141.16,143.56,140.8,143.0,25451.0
2022-08-31 02:30:00,141.36,144.64,141.36,142.8,23572.0
2022-09-01 02:30:00,142.8,143.8,141.16,141.6,23482.0
2022-09-02 02:18:00,142.8,143.2,140.04,142.6,39328.0
2022-09-03 02:30:00,144.24,144.24,140.8,141.6,6155.0
2022-09-05 02:30:00,143.2,143.2,141.2,141.32,10883.0
2022-09-06 02:30:00,142.36,142.4,140.64,141.2,29585.0
2022-09-07 02:30:00,139.6,142.4,139.6,140.0,22103.0
2022-09-08 02:30:00,141.6,141.6,138.4,139.2,14635.0
2022-09-09 02:30:00,140.0,142.0,138.0,141.2,38785.0
2022-09-12 02:30:00,142.0,142.0,138.8,139.56,12079.0
2022-09-13 02:30:00,138.4,140.4,137.64,138.0,14354.0
2022-09-14 02:30:00,137.6,140.36,137.6,138.8,17229.0
2022-09-15 02:30:00,140.36,142.4,139.6,141.96,43135.0
2022-09-16 02:30:00,142.8,142.8,137.2,138.8,46341.0
2022-09-17 02:30:00,137.28,138.0,135.2,136.04,24817.0
2022-09-19 02:30:00,137.56,137.56,132.4,133.96,24566.0
2022-09-21 02:30:00,133.6,133.6,129.4,129.6,34281.0
2022-09-22 02:30:00,130.8,132.8,129.6,130.8,22764.0
2022-09-23 02:30:00,129.4,132.8,129.4,130.8,25319.0
2022-09-26 02:30:00,129.4,130.0,128.0,128.0,19565.0
2022-09-28 02:30:00,128.0,131.2,125.32,128.8,13267.0
2022-09-29 02:30:00,128.8,130.8,128.4,129.2,8991.0
2022-09-30 02:30:00,129.24,130.0,128.44,129.6,13449.0
2022-10-10 02:30:00,130.0,133.6,129.6,133.6,18876.0
2022-10-11 02:30:00,133.6,134.8,129.6,130.4,23863.0
2022-10-12 02:30:00,130.44,130.44,127.84,128.8,11128.0
2022-10-13 02:30:00,129.6,132.0,128.0,130.76,12482.0
2022-10-14 02:30:00,132.16,132.16,129.48,129.56,24290.0
2022-10-17 02:30:00,130.92,130.92,128.16,128.16,14302.0
2022-10-18 02:30:00,128.8,129.2,127.56,128.0,12572.0
2022-10-20 02:30:00,127.6,127.6,126.0,126.6,13006.0
2022-10-21 02:30:00,127.2,127.2,125.2,126.0,18986.0
2022-10-24 02:30:00,126.8,127.6,126.04,126.8,7894.0
2022-11-01 02:30:00,128.12,128.12,124.4,127.56,12977.0
2022-11-02 02:30:00,128.0,132.36,126.8,131.6,40134.0
2022-11-03 02:30:00,133.0,134.2,130.4,131.96,49157.0
2022-11-04 02:30:00,132.36,132.36,130.4,130.4,21543.0
2022-11-07 02:30:00,131.8,133.6,129.6,133.6,30798.0
2022-11-08 02:30:00,135.04,135.6,131.2,132.4,45326.0
2022-11-09 02:30:00,131.6,133.2,131.08,132.0,16776.0
2022-11-10 02:30:00,131.24,131.24,127.84,128.8,22133.0
2022-11-11 02:30:00,128.8,129.4,126.0,127.76,29186.0
2022-11-14 02:30:00,127.2,128.0,124.68,126.0,31440.0
2022-11-15 02:30:00,126.8,128.8,125.04,128.4,26252.0
2022-11-16 02:30:00,128.4,130.0,127.12,127.6,17574.0
2022-11-17 02:30:00,128.4,129.6,127.6,129.6,18825.0
2022-11-18 02:30:00,130.8,132.0,129.6,131.2,39433.0
2022-11-23 02:30:00,132.2,133.6,130.04,130.4,25570.0
2022-11-24 02:30:00,130.4,130.4,129.2,129.96,21622.0
2022-11-25 02:30:00,130.8,131.28,129.44,130.6,17780.0
2022-11-28 02:30:00,131.6,132.6,130.4,132.6,25619.0
2022-11-29 02:30:00,132.4,133.2,130.24,131.2,22555.0
2022-11-30 02:30:00,129.8,131.96,129.8,131.4,14478.0
2022-12-01 02:30:00,130.4,131.2,130.4,130.8,11648.0
2022-12-02 02:30:00,130.4,132.0,129.8,131.12,19425.0
2022-12-05 02:30:00,130.8,132.4,130.8,130.8,15083.0
2022-12-06 02:30:00,130.8,131.2,128.6,128.6,24142.0
2022-12-07 02:30:00,128.64,129.2,128.4,128.44,14581.0
2022-12-08 02:30:00,129.2,129.2,127.4,127.96,15817.0
2022-12-12 02:30:00,127.2,128.0,126.8,127.96,11431.0
2022-12-13 02:30:00,127.96,128.92,126.84,128.8,14343.0
2022-12-14 02:30:00,128.8,128.8,128.0,128.4,4948.0
2022-12-15 02:30:00,128.4,129.6,127.2,127.76,8254.0
2022-12-16 02:30:00,127.76,127.76,126.6,127.2,12341.0
2022-12-19 02:30:00,126.04,127.2,124.8,125.0,15604.0
2022-12-20 02:30:00,124.44,126.28,124.4,126.0,6261.0
2022-12-21 02:30:00,127.2,127.32,125.84,126.6,13675.0
2022-12-22 02:30:00,126.8,126.8,124.84,125.2,10723.0
2022-12-23 02:30:00,123.92,125.96,123.92,125.56,8149.0
2022-12-27 02:30:00,126.48,130.56,126.48,130.4,38323.0
2022-12-28 02:30:00,131.8,137.44,131.4,134.8,107932.0
2022-12-29 02:30:00,134.8,135.6,132.4,134.0,57601.0
2022-12-30 02:30:00,134.0,138.4,132.6,138.4,77260.0
2023-01-02 02:30:00,138.4,141.6,137.64,139.2,115743.0
2023-01-03 02:30:00,138.0,140.0,136.04,139.2,38954.0
2023-01-04 02:30:00,138.44,140.4,137.6,139.6,65958.0
2023-01-05 02:30:00,140.0,144.4,138.4,143.6,82219.0
2023-01-06 02:30:00,145.24,146.88,142.8,145.4,112881.0
2023-01-09 02:30:00,147.08,148.8,144.0,146.52,128173.0
2023-01-10 02:30:00,145.6,155.16,145.6,154.8,157813.0
2023-01-11 02:30:00,156.0,163.6,152.0,156.0,227279.0
2023-01-13 02:30:00,157.92,159.6,150.0,150.4,179598.0
2023-01-18 02:30:00,152.2,156.4,148.0,155.2,176193.0
2023-01-19 02:30:00,157.08,161.6,156.0,157.96,180847.0
2023-01-20 02:30:00,158.0,159.08,155.28,156.8,68583.0
2023-01-24 02:30:00,155.4,157.6,152.56,153.2,78003.0
2023-01-25 02:30:00,152.0,153.16,148.8,153.16,96397.0
2023-01-26 02:30:00,154.2,156.8,152.8,154.8,95848.0
2023-01-27 02:30:00,156.0,162.4,155.6,160.0,295248.0
2023-01-30 02:30:00,158.8,163.2,158.4,161.2,269117.0
2023-01-31 02:30:00,163.2,163.2,156.08,158.32,164531.0
2023-02-01 02:30:00,156.8,159.12,154.0,156.0,97052.0
2023-02-02 02:30:00,156.0,158.72,156.0,156.8,59788.0
2023-02-03 02:30:00,158.0,158.0,153.76,154.8,67464.0
2023-02-06 02:30:00,155.6,156.28,152.4,154.0,56932.0
2023-02-07 02:30:00,152.8,154.64,152.2,154.4,33926.0
2023-02-08 02:30:00,155.88,161.0,154.4,161.0,135884.0
2023-02-09 02:30:00,163.0,164.8,158.52,159.56,176726.0
2023-02-10 02:30:00,158.0,161.6,158.0,161.6,75234.0
2023-02-13 02:30:00,163.6,163.6,155.2,156.0,142819.0
2023-02-15 02:30:00,155.6,157.6,154.4,154.84,53804.0
2023-02-16 02:30:00,153.6,157.56,153.4,153.4,57991.0
2023-02-17 02:30:00,153.24,154.4,150.4,151.6,72078.0
2023-02-21 02:30:00,151.6,153.2,150.04,151.68,50907.0
2023-02-23 02:30:00,152.8,155.88,152.24,155.88,60535.0
2023-02-24 02:30:00,154.0,154.6,151.8,152.4,64476.0
2023-02-27 02:30:00,150.8,152.96,147.64,152.8,94031.0
2023-02-28 02:30:00,154.64,154.8,149.84,152.4,66921.0
2023-03-01 02:30:00,152.4,153.2,151.6,151.88,36063.0
2023-03-02 02:30:00,153.28,153.28,150.04,150.04,18080.0
2023-03-03 02:30:00,150.04,151.44,148.8,148.8,33899.0
2023-03-06 02:30:00,150.0,150.0,146.4,147.56,35433.0
2023-03-08 02:30:00,145.84,150.8,145.84,148.4,30829.0
2023-03-10 02:30:00,149.76,153.84,149.6,152.76,62784.0
2023-03-13 02:30:00,154.0,154.8,150.84,151.36,45141.0
2023-03-14 02:30:00,149.64,151.2,148.8,150.0,27573.0
2023-03-15 02:30:00,151.76,152.4,148.84,151.6,37302.0
2023-03-16 02:30:00,153.4,153.4,149.64,150.4,10960.0
2023-03-17 02:30:00,150.4,151.6,149.6,150.0,14860.0
2023-03-20 02:30:00,151.2,151.72,150.16,150.8,17674.0
2023-03-21 02:30:00,151.96,152.36,150.4,152.2,35381.0
2023-03-23 02:30:00,154.04,155.2,150.44,151.2,27472.0
2023-03-24 02:30:00,150.4,151.92,149.6,149.92,24209.0
2023-03-27 02:30:00,148.16,150.36,148.16,148.8,28283.0
2023-03-28 02:30:00,147.04,151.2,147.04,150.8,27156.0
2023-03-29 02:30:00,152.6,152.6,150.0,151.08,31762.0
2023-03-30 02:30:00,152.48,152.48,149.24,150.4,14142.0
2023-03-31 02:30:00,150.0,151.68,148.4,149.0,19750.0
2023-04-03 02:30:00,149.0,150.76,147.04,147.6,40048.0
2023-04-04 02:30:00,146.8,147.96,146.44,147.2,21458.0
2023-04-05 02:30:00,146.6,148.0,146.08,146.4,13976.0
2023-04-06 02:30:00,146.2,147.96,145.32,146.8,13757.0
2023-04-07 02:30:00,146.8,148.0,145.52,146.6,19773.0
2023-04-10 02:30:00,146.6,146.8,144.04,144.04,16482.0
2023-04-11 02:30:00,145.32,146.4,144.4,145.2,19727.0
2023-04-12 02:30:00,146.4,148.0,144.68,147.44,28219.0
2023-04-13 02:30:00,148.0,152.8,148.0,152.8,61963.0
2023-04-14 02:30:00,154.0,154.0,149.24,150.0,46775.0
2023-04-17 02:30:00,150.8,150.8,148.84,149.72,14033.0
2023-04-18 02:30:00,150.8,150.8,147.2,147.4,25675.0
2023-04-19 02:30:00,147.4,148.4,144.8,146.4,25345.0
2023-04-20 02:30:00,147.2,148.8,146.44,148.68,15248.0
2023-04-21 02:30:00,150.0,150.36,147.32,149.2,54180.0
2023-04-24 02:30:00,150.76,150.76,148.4,148.8,40581.0
2023-04-25 02:30:00,148.0,152.8,148.0,151.96,62587.0
2023-04-26 02:30:00,151.96,154.4,151.2,153.6,91358.0
2023-04-27 02:30:00,155.44,155.44,152.0,152.28,69851.0
2023-04-28 02:30:00,152.0,153.2,151.24,152.28,40574.0
2023-05-01 02:30:00,154.12,154.12,147.2,148.0,99405.0
2023-05-03 02:30:00,149.16,149.16,146.4,146.64,28908.0
2023-05-04 02:30:00,146.8,147.56,144.4,144.4,28337.0
2023-05-05 02:30:00,144.4,147.08,142.4,146.0,43926.0
2023-05-08 02:30:00,146.0,146.0,143.2,143.6,24385.0
2023-05-09 02:30:00,143.6,143.6,140.0,141.16,42342.0
2023-05-10 02:30:00,142.0,143.4,140.84,142.2,31833.0
2023-05-11 02:30:00,142.8,143.2,141.56,142.72,12080.0
2023-05-12 02:30:00,142.0,142.04,140.0,140.4,20795.0
2023-05-15 02:30:00,140.8,141.2,138.92,139.2,25368.0
2023-05-16 02:30:00,138.6,140.8,137.2,140.0,22080.0
2023-05-17 02:30:00,138.48,141.4,138.04,140.0,16089.0
2023-05-18 02:30:00,138.52,142.4,138.52,142.36,18173.0
2023-05-19 02:30:00,142.36,146.8,141.6,145.2,53592.0
2023-05-22 02:30:00,146.4,146.8,144.04,144.8,40386.0
2023-05-23 02:30:00,143.12,146.0,142.4,145.2,23182.0
2023-05-24 02:30:00,146.88,148.0,145.36,147.96,35512.0
2023-05-25 02:30:00,149.16,149.16,146.44,147.6,31997.0
2023-05-29 02:30:00,146.44,148.4,144.8,145.6,54500.0
2023-05-31 02:30:00,145.6,146.8,142.0,142.24,29717.0
2023-06-01 02:30:00,141.24,143.88,140.04,140.4,46818.0
2023-06-02 02:30:00,140.08,145.2,139.24,143.2,43581.0
2023-06-05 02:30:00,144.84,148.24,144.84,146.8,51405.0
2023-06-06 02:30:00,148.0,148.0,145.04,145.2,36949.0
2023-06-07 02:30:00,144.4,147.6,144.4,147.12,31746.0
2023-06-08 02:30:00,147.6,149.2,146.8,147.2,61553.0
2023-06-09 02:30:00,147.2,148.4,146.0,147.0,24636.0
2023-06-12 02:30:00,148.72,149.56,146.48,148.76,74706.0
2023-06-13 02:30:00,149.6,149.96,147.6,148.4,38392.0
2023-06-14 02:30:00,148.0,150.4,147.2,147.96,56987.0
2023-06-15 02:30:00,148.04,149.56,146.4,147.2,88663.0
2023-06-16 02:30:00,147.92,147.96,145.6,146.4,50714.0
2023-06-19 02:30:00,147.2,148.0,145.2,147.16,104166.0
2023-06-20 02:30:00,146.0,148.36,145.28,146.0,58987.0
2023-06-21 02:30:00,144.8,146.8,143.84,144.4,34994.0
2023-06-22 02:30:00,144.4,145.76,143.2,143.6,29642.0
2023-06-23 02:30:00,144.0,144.4,142.0,142.08,30881.0
2023-06-26 02:30:00,142.4,144.0,140.8,142.8,105247.0
2023-06-27 02:30:00,144.0,144.4,140.96,141.6,61600.0
2023-06-28 02:30:00,141.2,144.36,141.2,144.36,36778.0
2023-06-29 02:30:00,146.04,146.04,141.8,142.0,53536.0
2023-07-03 02:30:00,143.6,143.6,138.6,139.6,69441.0
2023-07-04 02:30:00,141.12,141.12,138.4,139.2,42791.0
2023-07-05 02:30:00,140.0,140.0,137.68,138.4,25767.0
2023-07-06 02:30:00,137.6,139.12,136.0,136.0,33570.0
2023-07-07 02:30:00,136.76,136.8,134.48,136.4,30436.0
2023-07-10 02:30:00,137.2,139.56,136.2,136.8,17318.0
2023-07-11 02:30:00,137.6,138.32,135.28,136.0,29061.0
2023-07-12 02:30:00,137.52,137.52,134.2,134.8,20605.0
2023-07-13 02:30:00,134.24,140.4,134.24,140.16,35129.0
2023-07-14 02:30:00,141.2,143.96,137.6,138.0,29258.0
2023-07-17 02:30:00,139.56,139.56,136.8,137.0,11525.0
2023-07-18 02:30:00,136.08,139.2,136.08,138.36,12609.0
2023-07-19 02:30:00,139.92,139.92,137.4,137.4,14827.0
2023-07-20 02:30:00,138.0,138.4,136.4,136.6,20308.0
2023-07-21 02:30:00,137.6,138.12,136.12,137.16,23105.0
2023-07-24 02:30:00,137.76,139.96,135.6,138.4,50852.0
2023-07-25 02:30:00,136.84,140.0,135.6,138.0,27008.0
2023-07-26 02:30:00,138.6,139.92,137.2,137.6,16732.0
2023-07-27 02:30:00,137.08,138.0,136.88,137.2,13177.0
2023-07-28 02:30:00,136.8,138.0,136.0,136.04,26088.0
2023-07-31 02:30:00,136.8,137.56,133.6,134.2,34492.0
2023-08-01 02:30:00,135.2,135.6,134.0,134.68,18976.0
2023-08-02 02:30:00,133.68,135.52,132.4,132.4,17160.0
2023-08-03 02:30:00,132.4,132.4,131.04,132.4,18696.0
2023-08-04 02:30:00,133.6,133.6,130.96,131.6,22800.0
2023-08-07 02:30:00,130.8,131.24,128.8,129.6,19922.0
2023-08-08 02:30:00,128.8,130.4,128.4,128.8,7864.0
2023-08-09 02:30:00,128.8,129.2,127.2,128.0,14552.0
2023-08-10 02:30:00,126.8,130.72,126.04,130.4,24390.0
2023-08-11 02:30:00,131.0,131.2,128.8,129.2,21808.0
2023-08-14 02:30:00,129.2,130.0,127.48,128.4,21931.0
2023-08-15 02:30:00,129.12,129.12,126.4,126.6,17223.0
2023-08-16 02:30:00,126.6,126.6,125.2,125.4,19460.0
2023-08-17 02:30:00,125.2,125.4,123.64,124.4,23443.0
2023-08-18 02:30:00,125.2,125.68,124.36,124.4,8723.0
2023-08-21 02:30:00,123.12,126.56,123.12,123.6,8367.0
2023-08-22 02:30:00,124.36,124.36,122.68,122.68,15617.0
2023-08-23 02:30:00,123.92,123.92,122.8,123.88,7189.0
2023-08-24 02:30:00,124.4,127.2,123.28,126.0,23846.0
2023-08-25 02:30:00,126.4,126.8,124.12,124.44,13641.0
2023-08-28 02:29:00,124.0,127.0,123.52,124.56,13016.0
2023-08-29 02:30:00,125.2,125.2,124.0,125.12,6797.0
2023-08-30 02:30:00,123.92,125.68,123.92,124.96,6564.0
2023-08-31 02:30:00,126.24,126.24,123.84,123.96,8600.0
2023-09-04 02:30:00,124.0,124.0,122.4,122.8,8706.0
2023-09-05 02:30:00,124.04,124.04,121.6,121.6,8963.0
2023-09-06 02:30:00,122.8,122.8,121.64,122.0,2936.0
2023-09-08 02:30:00,120.8,122.0,118.8,119.16,24824.0
2023-09-11 02:30:00,119.6,120.32,117.64,118.0,15699.0
2023-09-12 02:29:00,118.0,120.08,117.68,120.08,20111.0
2023-09-13 02:30:00,120.4,120.8,118.28,118.32,4186.0
2023-09-14 02:30:00,118.8,121.6,118.4,121.6,25813.0
2023-09-18 02:30:00,121.6,121.6,118.44,119.2,17738.0
2023-09-19 02:30:00,119.6,121.2,118.8,119.2,7534.0
2023-09-20 02:30:00,119.6,122.2,118.8,121.88,16608.0
2023-09-22 02:30:00,123.08,128.04,122.4,128.04,69891.0
2023-09-25 02:30:00,128.04,130.32,125.2,126.84,35333.0
2023-09-26 02:30:00,125.56,128.16,124.84,125.6,19749.0
2023-09-27 02:30:00,126.88,130.4,126.88,128.4,30225.0
2023-09-28 02:30:00,128.4,128.8,126.2,126.8,23536.0
2023-10-02 02:30:00,127.4,127.4,124.0,124.96,26776.0
2023-10-03 02:30:00,124.0,127.52,123.48,125.2,22532.0
2023-10-04 02:30:00,124.0,126.28,124.0,125.2,10063.0
2023-10-05 02:30:00,125.2,126.6,124.6,124.6,23175.0
2023-10-06 02:30:00,124.0,125.88,124.0,124.8,10232.0
2023-10-09 02:30:00,123.56,125.6,121.6,122.68,36228.0
2023-10-10 02:30:00,122.4,123.6,121.2,122.48,15166.0
2023-10-11 02:30:00,122.0,122.8,120.4,120.88,8628.0
2023-10-12 02:30:00,121.6,122.92,120.4,122.4,13566.0
2023-10-13 02:30:00,121.6,121.92,119.68,120.0,17007.0
2023-10-17 02:30:00,120.0,122.4,119.2,119.24,11405.0
2023-10-18 02:30:00,120.0,121.6,119.56,119.64,13071.0
2023-10-19 02:30:00,120.4,123.2,120.0,122.0,6203.0
2023-10-20 02:30:00,120.84,122.76,120.8,121.28,4039.0
2023-10-30 02:30:00,120.08,120.36,119.2,119.6,9997.0
2023-10-31 02:30:00,118.48,121.0,118.0,120.8,4669.0
2023-11-01 02:30:00,121.6,121.6,119.44,120.0,7088.0
2023-11-02 02:30:00,120.0,121.2,119.32,120.0,7461.0
2023-11-03 02:30:00,118.88,120.0,118.8,120.0,4489.0
2023-11-06 02:30:00,118.8,119.6,118.4,118.8,12381.0
2023-11-07 02:30:00,118.8,120.36,118.8,119.4,6575.0
2023-11-08 02:30:00,118.84,120.8,118.8,119.24,7278.0
2023-11-09 02:30:00,119.6,120.0,119.6,119.8,3410.0
2023-11-10 02:30:00,120.96,120.96,119.2,119.2,4331.0
2023-11-21 02:30:00,119.6,121.2,119.2,119.24,6146.0
2023-11-22 02:30:00,118.8,119.76,117.6,117.6,8302.0
2023-11-23 02:30:00,116.8,119.88,116.8,118.44,4516.0
2023-11-24 02:30:00,118.96,119.92,116.52,119.6,13302.0
2023-11-27 02:30:00,120.0,121.68,119.56,121.68,11424.0
2023-11-28 02:30:00,122.0,122.4,119.68,119.68,15336.0
2023-11-29 02:30:00,120.4,120.8,119.2,120.76,16326.0
2023-11-30 02:30:00,120.64,120.64,119.2,120.0,1485.0
2023-12-01 02:30:00,119.2,120.0,118.44,119.48,5804.0
2023-12-04 02:30:00,118.36,118.8,118.04,118.8,10888.0
2023-12-05 02:30:00,118.4,119.96,118.04,118.4,8645.0
2023-12-06 02:30:00,118.8,119.52,117.8,119.08,6442.0
2023-12-07 02:30:00,119.6,119.6,117.68,118.12,8272.0
2023-12-08 02:30:00,118.8,120.52,117.68,119.2,15460.0
2023-12-11 02:30:00,120.36,125.04,120.36,124.0,7960.0
2023-12-12 02:30:00,124.8,127.2,122.4,123.6,49800.0
2023-12-13 02:30:00,124.8,129.2,123.56,127.6,54665.0
2023-12-14 02:30:00,128.4,131.16,128.0,129.0,49034.0
2023-12-15 02:30:00,128.0,135.6,126.4,135.6,84715.0
2023-12-18 02:30:00,135.6,142.88,131.28,142.88,134141.0
2023-12-19 02:29:00,141.24,147.6,139.8,146.0,146656.0
2023-12-20 02:30:00,144.28,153.6,141.2,146.8,156191.0
2023-12-21 02:30:00,145.08,153.6,145.08,150.0,115186.0
2023-12-22 02:30:00,148.2,156.0,145.24,151.6,69095.0
2023-12-25 02:30:00,149.8,152.8,142.44,143.2,220329.0
2023-12-28 02:30:00,143.2,146.0,137.8,140.0,97115.0
2023-12-29 02:30:00,141.6,144.0,135.32,140.0,79792.0
2024-01-02 02:30:00,141.6,142.0,136.84,137.6,60705.0
2024-01-03 02:30:00,137.6,139.12,134.52,134.52,62033.0
2024-01-04 02:30:00,134.24,138.8,134.24,138.4,47961.0
2024-01-05 02:30:00,139.96,142.0,139.2,139.6,82308.0
2024-01-08 02:30:00,140.8,143.6,140.0,140.04,76014.0
2024-01-09 02:29:32,140.8,141.64,139.2,141.2,41935.0
2024-01-10 02:29:46,142.0,144.0,140.04,141.2,85620.0
2024-01-11 02:29:50,142.0,142.0,139.6,139.6,41716.0
2024-01-12 02:29:59,141.16,141.6,139.44,140.64,63417.0
2024-01-15 02:29:44,141.2,146.36,141.2,145.6,99643.0
2024-01-17 02:29:50,147.28,151.8,146.6,149.2,157557.0
2024-01-18 02:29:58,150.8,150.8,144.28,144.28,143971.0
2024-01-19 02:29:52,142.6,147.2,141.96,145.48,110717.0
2024-01-22 02:29:58,147.16,154.0,146.4,154.0,522775.0
2024-01-23 02:29:59,155.88,160.0,150.6,154.8,266454.0
2024-01-24 02:29:30,152.92,158.0,151.36,152.0,94970.0
2024-01-25 02:29:51,150.16,154.0,148.28,149.56,147418.0
2024-01-26 02:29:56,151.2,151.2,147.2,148.8,77176.0
2024-01-29 02:29:56,149.6,152.4,147.2,151.16,70666.0
2024-01-30 02:29:58,152.0,153.8,150.92,152.8,102319.0
2024-01-31 02:29:56,154.0,156.8,153.2,155.48,159028.0
2024-02-01 02:29:56,157.36,157.36,151.6,152.0,109879.0
2024-02-02 02:29:33,150.6,151.8,149.64,150.32,62985.0
2024-02-05 02:29:54,149.0,152.2,148.52,151.56,62337.0
2024-02-06 02:29:54,151.96,153.16,150.0,150.8,31110.0
2024-02-07 02:29:48,151.96,153.6,150.44,151.6,30694.0
2024-02-08 02:29:59,151.6,153.0,151.2,152.24,36794.0
2024-02-09 02:29:57,153.2,153.2,151.0,151.64,54208.0
2024-02-12 02:29:35,152.8,154.0,152.0,152.8,71525.0
2024-02-13 02:29:57,153.2,154.8,153.04,154.6,75970.0
2024-02-14 02:29:52,156.48,156.48,152.12,152.4,78328.0
2024-02-15 02:29:55,152.0,153.56,151.6,151.6,48609.0
2024-02-16 02:29:49,152.8,156.8,151.2,153.6,128953.0
2024-02-19 02:29:50,155.44,160.0,154.0,156.76,254376.0
2024-02-21 02:29:54,156.76,158.0,154.2,154.24,108024.0
2024-02-22 02:29:25,156.0,156.0,151.4,152.4,53583.0
2024-02-23 02:29:50,152.8,154.0,149.2,149.88,101468.0
2024-02-26 02:29:49,151.64,151.64,148.04,148.04,50505.0
2024-02-27 02:29:50,147.2,150.52,147.2,149.6,50998.0
2024-02-28 02:29:59,151.2,151.2,148.2,149.6,25565.0
2024-02-29 02:29:34,149.6,149.6,148.0,148.04,37682.0
2024-03-01 02:29:57,149.2,149.6,145.2,145.24,63261.0
2024-03-04 02:29:44,146.92,146.92,144.0,144.6,25791.0
2024-03-04 23:34:26,146.28,153.04,146.28,146.8,4000.0
2024-03-06 02:29:54,148.52,151.8,148.0,148.4,100042.0
2024-03-07 02:29:32,148.0,150.8,146.8,148.6,49423.0
2024-03-08 02:29:50,150.0,153.84,150.0,150.4,48807.0
2024-03-11 02:29:53,151.6,152.2,150.4,150.76,36373.0
2024-03-13 02:29:46,152.56,154.4,150.8,151.6,44254.0
2024-03-14 02:29:52,151.6,153.2,150.8,151.48,24905.0
2024-03-15 02:29:56,153.28,153.28,150.0,151.12,25411.0
2024-03-18 02:29:48,151.2,151.2,148.64,148.8,32056.0
2024-03-19 02:29:51,150.0,150.0,148.4,148.8,19783.0
2024-03-20 02:29:53,150.0,150.0,148.4,148.8,34299.0
2024-03-21 02:29:47,150.56,150.6,148.0,148.6,12212.0
2024-03-22 02:29:57,147.84,149.4,146.8,146.8,34794.0
2024-03-26 02:29:21,146.8,146.8,145.6,146.56,16308.0
2024-03-27 02:29:58,147.2,148.28,145.76,147.6,28210.0
2024-03-28 02:29:53,146.4,148.0,146.0,146.0,23690.0
2024-03-29 02:29:58,145.2,148.0,145.2,146.44,22814.0
2024-04-01 02:29:55,147.2,148.16,146.8,147.2,17311.0
2024-04-02 02:29:45,146.04,148.08,146.04,147.24,23076.0
2024-04-03 02:29:50,147.24,148.28,146.0,146.0,14715.0
2024-04-04 02:29:19,145.6,146.8,145.6,145.96,15610.0
2024-04-05 02:29:25,146.0,146.0,144.96,145.56,20130.0
2024-04-08 02:29:33,146.0,146.76,145.2,146.4,14670.0
2024-04-10 02:28:55,148.12,148.12,146.08,146.44,20485.0
2024-04-11 02:29:32,147.68,147.72,145.6,146.0,37298.0
2024-04-15 02:29:35,144.8,146.76,144.8,145.6,13382.0
2024-04-16 02:29:33,145.6,146.88,144.4,144.4,17823.0
2024-04-17 02:29:56,146.0,146.0,143.24,144.0,22539.0
2024-04-19 02:29:29,143.2,144.4,142.4,142.48,13258.0
2024-04-22 02:29:17,142.0,146.0,142.0,144.8,21880.0
2024-04-23 02:28:53,145.92,146.0,143.6,144.6,12662.0
2024-04-25 02:29:32,144.0,144.8,142.92,144.0,10190.0
2024-04-26 02:29:23,143.04,144.0,142.4,142.8,19442.0
2024-04-29 02:29:21,142.84,144.0,141.6,143.2,12920.0
2024-04-30 02:29:38,143.2,143.6,142.24,143.16,14735.0
2024-05-01 02:29:31,142.0,147.2,142.0,145.6,24984.0
2024-05-03 02:29:00,146.88,146.88,143.6,144.76,15539.0
2024-05-06 02:29:36,143.24,144.0,142.4,143.2,8510.0
2024-05-07 02:29:31,144.4,144.4,141.88,142.36,13491.0
2024-05-08 02:29:20,142.4,142.8,141.44,142.0,14795.0
2024-05-09 02:28:59,142.8,142.8,141.2,141.56,11649.0
2024-05-10 02:29:10,140.4,142.0,140.4,141.56,10906.0
2024-05-13 02:29:18,140.8,143.16,140.8,141.76,15553.0
2024-05-14 02:28:56,142.0,142.0,140.4,140.8,25440.0
2024-05-15 02:29:16,142.0,144.04,140.6,144.0,23018.0
2024-05-16 02:28:54,145.12,145.2,142.4,142.8,11762.0
2024-05-17 02:29:49,142.0,143.56,141.2,141.24,16277.0
2024-05-20 02:23:40,142.4,142.84,141.24,142.84,21394.0
2024-05-21 02:29:42,143.96,144.0,142.4,143.2,19278.0
2024-05-22 02:29:58,143.2,144.0,142.0,143.92,24419.0
2024-05-23 02:29:56,144.16,144.4,142.88,143.2,21502.0
2024-05-27 02:29:54,143.2,144.0,142.2,142.4,17867.0
2024-05-28 02:29:00,142.4,143.56,141.6,142.2,10419.0
2024-05-30 02:29:54,143.4,143.84,141.72,141.96,16491.0
2024-05-31 02:29:38,140.8,142.8,140.8,141.2,15763.0
2024-06-03 02:29:36,141.8,143.2,141.28,141.6,13349.0
2024-06-04 02:29:56,140.8,141.92,140.8,141.92,16323.0
2024-06-05 02:29:34,140.88,141.56,140.52,141.52,22291.0
2024-06-06 02:29:58,139.96,141.96,139.96,140.8,25263.0
2024-06-07 02:29:57,142.4,142.72,140.0,140.8,17457.0
2024-06-10 02:29:22,141.6,141.6,139.24,139.32,32117.0
2024-06-11 02:29:57,137.76,141.96,137.76,140.8,21367.0
2024-06-12 02:29:51,142.0,147.2,141.2,144.4,52785.0
2024-06-13 02:29:24,145.16,145.6,143.52,143.6,32187.0
2024-06-14 02:29:58,142.48,145.2,142.48,144.0,32557.0
2024-06-17 02:29:41,145.2,150.0,144.8,146.76,106780.0
2024-06-19 02:29:41,146.4,148.04,145.44,145.44,42372.0
2024-06-20 02:29:58,145.2,147.12,145.2,146.16,19936.0
2024-06-21 02:29:58,147.88,147.88,144.16,144.8,25168.0
2024-06-24 02:29:57,146.04,146.48,143.2,144.0,55957.0
2024-06-25 02:29:58,142.8,146.36,142.4,144.0,46780.0
2024-06-26 02:29:59,145.68,145.72,142.8,143.2,48011.0
2024-06-27 02:29:36,142.84,144.8,142.48,142.8,22591.0
2024-06-28 02:29:54,143.6,143.6,142.28,142.76,20975.0
2024-07-01 02:29:38,142.44,142.8,141.2,141.8,28990.0
2024-07-02 02:29:55,141.6,142.8,140.84,141.76,14488.0
2024-07-03 02:29:48,143.36,148.4,142.48,144.4,56772.0
2024-07-04 02:29:57,143.0,143.96,142.4,142.8,17290.0
2024-07-05 02:29:56,143.6,151.08,143.6,151.08,291775.0
2024-07-08 02:29:56,152.88,160.0,152.0,153.6,352443.0
2024-07-09 02:29:59,154.0,154.0,148.4,149.6,141032.0
2024-07-10 02:29:47,148.08,149.56,147.84,148.4,74445.0
2024-07-11 02:29:57,149.6,149.6,146.0,147.24,164085.0
2024-07-12 02:29:55,148.0,148.8,147.2,147.6,121555.0
2024-07-15 02:29:47,149.32,150.8,147.2,149.48,166180.0
2024-07-16 02:29:57,151.24,151.24,147.56,148.0,392073.0
2024-07-17 02:25:12,150.9,162.8,150.9,162.8,49035.0
2024-07-18 02:27:15,166.0,179.0,166.0,179.0,49212.0
2024-07-19 02:29:48,182.5,196.9,182.5,196.9,507091.0
2024-07-22 02:29:49,200.8,212.0,195.5,199.0,398086.0
2024-07-23 02:29:41,202.0,212.1,193.0,205.0,185359.0
2024-07-24 02:29:44,203.0,209.1,200.0,207.7,198665.0
2024-07-25 02:29:56,210.0,213.9,200.0,202.0,257270.0
2024-07-26 02:29:48,205.0,205.0,199.2,200.0,125615.0
2024-07-29 02:29:58,204.0,214.2,200.0,202.1,151895.0
2024-07-30 02:29:55,205.0,205.0,198.6,201.0,172151.0
2024-07-31 02:29:55,200.0,203.0,197.1,200.0,183372.0
2024-08-01 02:29:48,203.0,213.0,198.0,208.5,390286.0
2024-08-02 02:29:59,210.0,212.6,205.0,205.5,220330.0
2024-08-06 02:29:45,206.0,208.0,202.0,204.5,135160.0
2024-08-07 02:30:00,204.2,206.0,195.0,195.4,185004.0
2024-08-08 02:29:55,191.5,201.0,191.5,199.0,123645.0
2024-08-09 02:29:57,200.0,204.0,197.0,198.0,161592.0
2024-08-12 02:29:59,201.9,217.8,199.0,217.8,566497.0
2024-08-13 02:29:46,222.1,239.5,222.1,239.5,336436.0
2024-08-14 02:29:59,244.2,263.1,243.0,246.7,387268.0
2024-08-15 02:29:46,251.6,267.0,234.0,258.0,411687.0
2024-08-16 02:29:57,263.1,272.0,254.8,268.0,465244.0
2024-08-19 02:29:57,273.0,274.9,253.0,257.0,301997.0
2024-08-22 02:29:56,258.0,263.0,246.0,248.0,206933.0
2024-08-23 02:29:58,243.1,254.0,240.1,246.1,206443.0
2024-08-26 02:29:57,245.0,249.0,234.5,235.0,201737.0
2024-08-28 02:29:53,239.7,239.7,218.0,219.0,220961.0
2024-08-29 02:29:55,220.3,236.5,220.0,226.5,203630.0
2024-08-30 02:29:51,231.0,231.0,221.5,227.0,103699.0
2024-09-02 02:29:53,226.9,229.0,217.4,218.0,104307.0
2024-09-03 02:29:55,214.0,239.0,214.0,237.0,172402.0
2024-09-04 02:29:39,240.0,246.1,236.0,238.0,128659.0
2024-09-05 02:29:55,242.7,242.7,225.0,228.9,96600.0
2024-09-06 02:29:51,225.0,228.3,219.4,223.0,88795.0
2024-09-09 02:29:45,223.0,227.4,220.6,221.0,37848.0
2024-09-10 02:29:42,222.0,222.0,212.0,214.0,73571.0
2024-09-11 02:29:47,216.2,222.0,210.8,213.5,66546.0
2024-09-12 02:29:53,217.7,217.7,208.0,208.2,68401.0
2024-09-13 02:29:59,208.2,228.0,208.2,224.0,70592.0
2024-09-16 02:29:59,226.4,231.5,214.0,215.9,81711.0
2024-09-17 02:29:48,211.7,215.8,208.0,210.0,83837.0
2024-09-19 02:29:53,211.0,213.0,204.0,207.1,48995.0
2024-09-23 02:29:40,210.0,218.0,206.0,207.1,51364.0
2024-09-24 02:29:54,207.1,209.0,200.0,202.0,71356.0
2024-09-25 02:29:58,200.0,205.8,194.0,194.9,85666.0
2024-09-26 02:29:49,194.0,201.0,190.1,198.8,65725.0
2024-09-27 02:29:54,200.0,202.7,194.0,195.0,41287.0
2024-09-30 02:29:52,192.0,195.0,187.6,190.0,37641.0
2024-10-01 02:29:57,189.0,193.7,187.2,192.5,10567.0
2024-10-02 02:29:45,194.5,211.0,194.5,209.9,99634.0
2024-10-03 02:29:52,214.0,219.0,204.0,205.1,72104.0
2024-10-07 02:29:53,205.0,213.0,200.9,213.0,53687.0
2024-10-08 02:29:48,213.0,220.0,213.0,216.0,48479.0
2024-10-09 02:29:30,216.0,219.0,210.0,212.0,22498.0
2024-10-10 02:29:46,210.9,215.0,208.0,213.0,27678.0
2024-10-16 02:29:57,214.0,216.0,212.0,215.0,11650.0
2024-10-17 02:29:58,217.3,226.0,216.0,223.9,90364.0
2024-10-18 02:28:50,225.0,228.0,219.5,220.0,58750.0
2024-10-21 02:29:47,215.6,218.7,212.0,213.0,71155.0
2024-10-22 02:29:58,214.0,214.0,206.5,208.4,54420.0
2024-10-23 02:29:56,208.0,212.9,208.0,212.0,36446.0
2024-10-24 02:28:56,216.2,216.2,208.3,209.0,21494.0
2024-10-25 02:29:46,207.0,210.0,207.0,208.0,32801.0
2024-10-28 02:29:58,212.1,212.1,206.0,207.5,23299.0
2024-10-29 02:29:59,209.0,210.9,208.0,210.8,17676.0
2024-10-30 02:29:57,213.0,217.0,210.0,216.5,51681.0
2024-10-31 02:29:49,217.1,217.1,213.0,213.0,26786.0
2024-11-06 02:29:23,217.0,217.0,211.5,211.5,12667.0
2024-11-07 02:29:21,211.5,214.5,210.2,212.0,15665.0
2024-11-11 02:29:39,215.0,225.8,213.0,225.0,151269.0
2024-11-12 02:29:59,220.5,233.0,220.5,223.9,85636.0
2024-11-13 02:29:57,219.5,219.5,201.6,212.9,1198640.0
2024-11-14 02:29:55,211.0,214.0,209.0,210.0,352575.0
2024-11-15 02:29:56,213.0,214.0,210.1,211.1,266665.0
2024-11-18 02:29:58,214.0,221.8,213.0,214.8,427283.0
2024-11-20 02:29:55,218.0,218.0,211.1,211.5,365848.0
2024-11-21 02:29:59,211.5,217.8,209.7,215.0,330973.0
2024-11-22 02:29:59,215.0,217.5,211.0,211.1,217582.0
2024-11-25 01:54:00,214.9,214.9,207.1,207.1,205456.0
2024-11-26 02:29:38,211.0,211.0,207.0,207.5,154709.0
2024-11-27 02:29:57,211.6,215.8,209.0,212.0,183777.0
2024-11-28 02:29:56,214.9,215.0,212.0,213.0,190062.0
2024-11-29 02:29:59,214.0,215.0,210.5,211.0,172989.0
2024-12-02 02:29:59,209.0,210.0,206.8,208.0,184503.0
2024-12-03 02:29:59,212.0,217.0,207.8,212.0,441372.0
2024-12-04 02:29:55,207.8,216.1,207.8,213.0,254549.0
2024-12-05 02:29:59,216.0,229.0,213.7,223.8,1195984.0
2024-12-06 02:29:58,219.5,227.0,216.0,217.0,487617.0
2024-12-09 02:29:54,221.0,221.0,210.0,212.0,307817.0
2024-12-10 02:29:57,212.0,215.0,209.1,212.0,191382.0
2024-12-11 02:29:51,212.0,213.0,208.5,209.0,182351.0
2024-12-12 02:29:58,209.0,215.9,208.5,215.0,168471.0
2024-12-13 02:29:56,219.3,219.3,209.0,209.5,195728.0
2024-12-17 02:29:53,212.0,212.0,204.1,205.0,263179.0
2024-12-18 02:29:57,205.0,208.0,203.0,205.0,141139.0
2024-12-19 02:29:55,205.0,209.0,203.0,203.9,106487.0
2024-12-20 02:29:55,203.0,205.0,200.1,201.0,154454.0
2024-12-23 02:29:56,201.0,203.0,197.0,198.2,137289.0
2024-12-24 02:29:58,198.3,202.0,196.0,200.5,133575.0
2024-12-25 02:29:57,203.0,205.5,201.3,202.1,136707.0
2024-12-27 02:29:58,202.0,203.5,199.0,200.1,84210.0
2024-12-30 02:29:59,203.0,203.0,196.5,197.0,124123.0
2025-01-01 02:29:52,196.0,197.0,189.0,194.0,197677.0
2025-01-02 02:29:56,194.0,195.8,192.0,194.0,81368.0
2025-01-03 02:29:59,195.0,195.4,192.5,194.4,87500.0
2025-01-06 02:29:43,198.2,198.2,192.3,195.5,71237.0
2025-01-07 02:29:56,199.0,205.0,195.3,204.0,223201.0
2025-01-08 02:29:57,204.0,207.7,202.0,203.0,155370.0
2025-01-09 02:29:41,207.0,207.0,202.0,202.5,106640.0
2025-01-10 02:29:57,201.7,204.0,199.2,201.0,150227.0
2025-01-13 02:29:55,204.0,204.0,197.5,199.0,82392.0
2025-01-14 02:29:56,200.0,200.0,196.2,196.5,91436.0
2025-01-16 02:29:54,199.0,199.0,195.0,195.0,80172.0
2025-01-17 02:29:52,195.0,197.9,194.0,194.5,106960.0
2025-01-20 02:29:55,192.2,197.9,192.2,197.0,89771.0
2025-01-21 02:29:58,197.0,199.0,196.5,196.5,99894.0
2025-01-22 02:29:44,197.0,198.6,194.3,194.5,86047.0
2025-01-23 02:29:54,197.0,202.0,195.0,199.5,165835.0
2025-01-24 02:29:58,203.4,203.4,196.0,196.0,103499.0
2025-01-27 02:29:57,196.0,200.9,196.0,197.0,98720.0
2025-01-28 02:29:58,198.1,199.0,194.2,195.0,149756.0
2025-01-29 02:29:55,196.0,198.0,195.0,197.0,123350.0
2025-02-03 02:29:41,200.8,207.8,200.8,205.0,340429.0
2025-02-04 02:29:49,209.0,211.0,205.1,205.3,254645.0
2025-02-05 02:29:57,209.4,209.4,201.9,203.8,235121.0
2025-02-06 02:29:56,204.0,207.8,203.0,205.0,241992.0
2025-02-07 02:29:59,203.9,207.5,203.0,203.1,164878.0
2025-02-10 02:29:54,204.0,211.6,204.0,208.0,364159.0
2025-02-11 02:29:56,212.0,212.0,203.3,206.0,142581.0
2025-02-12 02:29:57,210.0,210.0,203.0,204.9,91585.0
2025-02-13 02:29:57,201.1,206.7,201.1,203.6,105446.0
2025-02-14 02:29:52,199.7,207.0,199.7,205.0,150802.0
2025-02-17 02:29:59,209.1,209.1,202.0,207.0,198236.0
2025-02-18 02:29:58,206.0,209.9,206.0,206.2,256256.0
2025-02-19 02:29:59,202.1,210.0,202.1,205.0,141710.0
2025-02-21 02:29:54,200.9,206.4,200.9,202.9,124030.0
2025-02-24 02:29:57,200.0,204.0,199.0,202.5,164757.0
2025-02-25 02:29:57,198.5,207.0,198.5,205.0,181109.0
2025-02-26 02:29:41,204.0,206.4,203.1,203.3,112464.0
2025-02-28 02:29:57,199.9,218.9,199.9,217.9,682497.0
2025-03-03 02:29:53,220.0,225.0,217.6,224.2,617029.0
2025-03-04 02:29:57,225.0,227.8,216.0,216.5,458986.0
2025-03-05 02:29:56,212.2,231.0,212.2,222.9,925906.0
2025-03-06 02:29:57,227.3,229.5,222.0,224.8,650953.0
2025-03-07 02:29:58,220.4,226.4,220.4,221.9,222256.0
2025-03-10 02:29:56,226.3,226.3,214.0,214.4,328350.0
2025-03-11 02:29:59,214.6,218.4,210.9,214.0,249996.0
2025-03-12 02:29:56,214.0,216.0,207.1,207.9,231008.0
2025-03-13 02:29:59,203.8,212.0,203.8,210.0,176221.0
2025-03-17 02:29:59,212.0,213.0,205.3,207.8,162900.0
2025-03-18 02:29:48,207.8,211.1,206.0,207.6,172370.0
2025-03-19 02:29:58,207.0,211.5,206.5,208.5,129222.0
2025-03-20 02:29:36,210.0,210.0,205.0,206.0,124643.0
2025-03-21 02:29:50,207.0,207.0,203.2,204.33,130037.0
2025-03-24 02:29:59,208.4,208.4,200.1,200.79,187625.0
2025-03-25 02:29:58,196.8,205.9,196.8,204.15,144996.0
2025-03-26 02:29:58,200.1,203.0,199.0,199.49,155446.0
2025-03-27 02:29:35,195.6,203.0,195.6,201.55,114124.0
2025-03-28 02:29:54,203.0,204.6,200.2,204.07,130032.0
2025-03-31 02:29:58,203.0,209.8,202.0,207.03,183593.0
2025-04-02 02:29:58,209.0,210.0,203.1,205.12,108263.0
2025-04-03 02:29:47,206.0,207.0,202.4,204.72,69728.0
2025-04-04 02:29:43,204.0,207.0,203.0,203.16,109881.0
2025-04-08 02:29:53,205.0,205.0,201.0,201.48,83255.0
2025-04-09 02:29:41,203.4,203.4,198.1,202.23,112432.0
2025-04-10 02:29:46,204.0,205.0,200.3,201.84,45674.0
2025-04-11 02:29:50,201.0,204.0,200.0,201.78,85211.0
2025-04-14 02:29:43,203.0,203.8,199.0,199.83,76878.0
2025-04-16 02:29:49,201.2,205.9,201.0,203.37,109758.0
2025-04-17 02:29:59,204.0,211.0,202.0,207.68,179387.0
2025-04-18 02:29:57,210.0,211.1,207.0,209.87,248800.0
2025-04-21 02:29:53,212.0,213.0,205.5,206.12,139315.0
2025-04-22 02:29:59,208.1,216.0,205.6,210.74,281361.0
2025-04-23 02:29:56,211.0,214.0,207.0,207.39,108809.0
2025-04-24 02:29:59,203.4,210.0,203.0,204.02,88794.0
2025-04-25 02:29:53,200.0,206.0,200.0,204.27,155166.0
2025-04-28 02:29:50,206.9,209.0,204.3,205.67,147945.0
2025-04-29 02:29:57,209.7,215.9,205.6,206.88,325469.0
2025-04-30 02:29:46,207.0,209.0,206.0,206.05,111895.0
2025-05-01 02:29:51,206.2,212.8,205.6,210.21,241252.0
2025-05-05 02:29:57,206.1,217.0,206.1,211.08,299558.0
2025-05-06 02:29:56,212.0,213.0,207.1,207.86,129477.0
2025-05-07 02:29:55,208.0,211.0,208.0,209.92,162749.0
2025-05-08 02:29:26,214.0,219.1,211.0,215.95,597244.0
2025-05-09 02:29:59,211.7,224.5,211.7,219.19,659944.0
2025-05-12 02:29:56,220.0,223.0,212.8,213.63,273578.0
2025-05-14 02:29:58,209.4,217.5,209.1,209.86,188358.0
2025-05-15 02:29:58,205.7,214.0,205.7,206.59,168194.0
2025-05-16 02:29:57,202.5,208.0,202.5,205.45,185187.0
2025-05-19 02:29:51,209.5,209.5,205.0,205.35,97802.0
2025-05-20 02:29:49,201.3,208.0,201.3,206.78,94361.0
2025-05-21 02:29:56,207.8,212.8,204.9,211.63,131647.0
2025-05-22 02:29:06,215.8,220.0,207.0,207.94,219126.0
2025-05-23 02:29:58,204.0,211.0,204.0,206.15,197824.0
2025-05-26 02:29:59,202.1,209.0,202.1,207.47,102803.0
2025-05-27 02:29:57,211.5,212.9,206.3,207.15,129956.0
2025-05-28 02:29:55,206.2,207.9,204.1,206.6,95713.0
2025-05-29 02:29:54,202.5,210.0,202.5,208.23,134788.0
2025-06-03 02:29:55,210.0,212.3,207.0,207.6,117366.0
2025-06-04 02:29:38,210.0,210.0,205.1,205.97,74767.0
2025-06-04 23:56:03,208.0,208.0,204.0,205.34,119677.0
2025-06-06 02:29:58,206.9,207.0,204.0,205.65,99349.0
2025-06-09 02:29:19,209.0,209.0,204.9,205.05,106941.0
2025-06-10 02:29:51,206.5,208.5,204.5,207.43,108637.0
2025-06-11 02:29:59,209.0,211.3,208.1,209.24,221707.0
2025-06-12 02:29:44,210.0,211.0,206.0,209.7,147936.0
2025-06-13 02:29:38,213.0,213.0,208.0,208.2,238877.0
2025-06-16 02:29:54,209.0,215.0,208.0,213.55,343832.0
2025-06-17 02:29:59,215.0,218.0,211.4,211.96,437254.0
2025-06-18 02:29:39,213.0,214.0,208.7,209.72,93693.0
2025-06-19 02:29:57,210.0,213.5,210.0,211.23,123710.0
2025-06-20 02:29:59,213.2,222.0,211.0,218.06,1069499.0
2025-06-23 02:29:59,222.4,222.4,210.3,211.13,307980.0
2025-06-24 02:29:53,210.5,213.8,208.4,209.88,160563.0
2025-06-25 02:29:53,213.0,217.0,210.7,211.26,180434.0
2025-06-26 02:29:37,215.0,215.0,208.6,210.97,96883.0
2025-06-27 02:29:59,214.6,215.0,209.6,210.93,206445.0
2025-06-30 02:29:59,210.0,212.0,208.8,209.82,120043.0
2025-07-01 02:29:52,205.7,215.3,205.7,210.61,143697.0
2025-07-02 02:29:40,214.0,214.0,208.0,211.53,137723.0
2025-07-03 02:29:51,215.7,215.7,209.0,210.63,186417.0
2025-07-04 02:29:57,211.9,212.1,208.0,209.44,202803.0
2025-07-07 02:29:27,210.0,211.9,208.0,208.24,133030.0
2025-07-08 02:29:52,204.1,212.0,204.1,205.99,122098.0
2025-07-09 02:29:50,207.0,208.8,203.1,207.91,97191.0
2025-07-10 02:29:56,209.9,209.9,207.0,208.34,76642.0
2025-07-11 02:29:53,210.0,211.4,206.4,206.84,166632.0
2025-07-14 02:29:31,210.9,214.9,207.9,208.09,155264.0
2025-07-15 02:29:54,211.0,211.0,206.7,207.12,111586.0
2025-07-16 02:29:42,203.0,209.5,203.0,208.52,153945.0
2025-07-17 02:29:51,212.6,212.6,206.1,208.2,136500.0
2025-07-18 02:29:43,210.0,218.7,208.2,216.61,479214.0
2025-07-21 02:29:51,220.0,223.0,213.0,214.16,526184.0
2025-07-22 02:29:53,216.0,217.6,212.5,215.16,280927.0
2025-07-23 02:29:57,215.0,220.0,215.0,218.31,365860.0
2025-07-24 02:29:59,218.0,227.5,218.0,224.8,709719.0
2025-07-25 02:29:55,219.9,233.5,219.9,229.0,487211.0
2025-07-28 02:29:55,230.0,232.9,221.0,222.15,703373.0
2025-07-29 02:29:58,223.0,226.0,218.1,224.48,397960.0
2025-07-30 02:29:51,228.0,228.0,221.1,222.78,262559.0
2025-07-31 02:29:57,219.0,226.0,217.5,217.82,295474.0
2025-08-01 02:29:58,218.0,219.0,215.0,215.36,308795.0
2025-08-04 02:29:56,215.0,216.0,211.1,211.92,206019.0
2025-08-05 02:29:59,207.7,218.1,207.7,215.09,156500.0
2025-08-06 02:29:57,219.0,219.0,210.1,211.3,111453.0
2025-08-07 02:29:57,215.5,215.5,209.1,209.65,120120.0
2025-08-08 02:29:57,209.1,213.8,209.1,211.89,132711.0
2025-08-12 02:29:59,212.0,215.0,208.9,209.03,151537.0
2025-08-13 02:29:54,209.5,211.0,207.0,207.75,116097.0
2025-08-14 02:29:57,208.9,209.0,206.0,206.6,83007.0
2025-08-15 02:29:55,209.7,209.7,206.0,207.2,98372.0
2025-08-18 02:29:41,206.3,208.7,206.0,206.25,75642.0
2025-08-19 02:29:26,205.0,207.9,205.0,206.22,99015.0
2025-08-20 02:29:40,208.0,208.1,206.0,206.37,64374.0
2025-08-21 02:29:30,205.0,207.0,205.0,205.13,85931.0
2025-08-22 02:29:58,201.1,208.0,201.1,205.11,65229.0
2025-08-25 02:29:58,203.5,207.0,203.5,203.78,53345.0
2025-08-26 02:29:55,200.4,207.0,200.4,204.01,61146.0
2025-08-27 02:29:40,201.0,205.9,201.0,203.69,40922.0
2025-08-28 02:29:29,204.0,208.0,202.0,207.85,66153.0
2025-08-29 02:29:39,210.0,210.0,203.5,204.08,80486.0
2025-09-01 02:29:59,203.1,205.5,201.0,201.46,80087.0
2025-09-02 02:28:25,200.0,203.4,200.0,202.91,36184.0
2025-09-03 02:29:50,204.9,204.9,200.1,200.42,47363.0
2025-09-04 02:29:36,200.2,202.0,198.5,199.01,70689.0
2025-09-05 02:29:42,200.0,200.0,196.0,197.11,96919.0
2025-09-08 02:29:30,193.2,200.1,193.2,196.04,36273.0
2025-09-09 02:29:40,195.2,197.0,191.1,191.33,107453.0
2025-09-18 23:35:57,188.0,188.0,173.0,173.0,12385.0
2025-09-22 02:27:36,173.0,190.3,172.9,190.3,159569.0
2025-09-24 02:29:58,192.0,200.0,192.0,199.9,111578.0
2025-09-25 02:29:33,201.0,201.0,194.0,195.3,51286.0
2025-09-26 02:29:57,196.0,196.9,193.0,195.0,52609.0
2025-09-29 02:29:59,195.1,197.0,194.0,196.5,15210.0
2025-10-08 02:29:55,195.0,198.0,191.1,192.9,48204.0
2025-10-09 02:29:52,194.0,194.0,187.5,189.0,77625.0
2025-10-10 02:29:58,192.7,203.0,191.1,192.5,66829.0
2025-10-13 02:29:40,190.0,191.5,185.0,187.0,58952.0
2025-10-14 02:29:53,185.0,194.0,185.0,190.0,44632.0
2025-10-15 02:29:38,188.0,193.0,187.0,187.2,30342.0
2025-10-16 02:29:59,187.0,188.9,184.0,184.9,40467.0
2025-10-17 02:29:21,186.9,186.9,183.0,183.4,48520.0
2025-10-20 02:29:46,184.0,187.9,184.0,184.0,25767.0
2025-10-27 02:29:08,181.1,185.7,179.0,183.1,22190.0
2025-10-29 02:29:37,185.0,193.8,183.0,193.8,50987.0
2025-10-30 02:28:47,193.8,196.4,190.5,191.0,53972.0
2025-10-31 02:29:40,188.1,196.8,187.2,194.0,76960.0
2025-11-03 02:29:55,196.9,199.7,192.9,198.7,57710.0
2025-11-04 02:29:32,199.0,200.9,195.0,195.2,36109.0
2025-11-05 02:29:44,196.4,197.9,190.2,190.2,41445.0
2025-11-06 02:29:51,190.0,193.4,186.4,192.0,38207.0
2025-11-07 02:29:49,195.8,195.8,190.0,190.4,29173.0
2025-11-10 02:29:41,188.0,192.0,187.0,187.0,37217.0
2025-11-11 02:27:35,190.7,190.7,185.2,186.2,27762.0
2025-11-12 02:29:55,188.0,188.9,186.1,186.3,33315.0
2025-11-13 02:29:32,190.0,190.0,185.5,186.0,21193.0
2025-11-14 02:29:25,188.0,188.0,185.0,186.8,30378.0
2025-11-17 02:29:59,187.0,189.0,184.3,185.5,29570.0
2025-11-18 02:27:40,187.9,187.9,184.2,186.0,20152.0
2025-11-19 02:29:35,185.0,190.0,185.0,188.1,30468.0
2025-11-20 02:27:35,191.0,191.0,187.0,187.1,17456.0
2025-11-21 02:29:52,186.6,188.7,185.1,186.9,48359.0
2025-11-24 02:29:58,188.0,193.2,187.0,192.9,82587.0
2025-11-25 02:29:45,193.0,195.0,192.0,194.1,34527.0
2025-11-26 02:29:59,195.0,195.0,191.0,193.4,37685.0
2025-11-27 02:29:59,191.5,192.9,190.1,191.0,49374.0
2025-11-28 02:29:54,192.0,194.0,191.1,192.0,58816.0
2025-12-01 02:29:31,195.8,195.8,190.0,190.2,54742.0
2025-12-02 02:29:42,190.0,192.0,188.0,190.0,50310.0
2025-12-03 02:29:35,190.1,191.0,188.2,188.3,25332.0
2025-12-04 02:29:57,190.0,191.0,187.0,187.5,42060.0
2025-12-08 02:29:49,186.0,187.0,184.5,186.9,63698.0
2025-12-09 02:26:22,186.0,187.8,184.1,186.0,46839.0
2025-12-10 02:29:56,185.0,188.0,185.0,185.8,33270.0
2025-12-11 02:28:03,186.0,186.8,184.5,184.5,39735.0
2025-12-12 02:29:59,184.0,185.9,184.0,184.4,39013.0
2025-12-15 02:29:52,185.0,186.0,182.7,183.0,36775.0
2025-12-16 02:29:43,185.0,185.0,182.0,183.0,18667.0
2025-12-17 02:29:46,185.0,186.0,183.0,184.0,38330.0
2025-12-18 02:29:52,184.1,185.0,183.2,183.2,56720.0
2025-12-19 02:29:34,183.2,185.0,182.0,182.4,42178.0
2025-12-22 02:29:28,182.0,187.9,180.4,186.9,118955.0
2025-12-23 02:29:32,190.6,190.6,183.4,184.0,30365.0
2025-12-24 02:29:44,184.0,185.1,182.1,183.0,37248.0
2025-12-25 02:29:57,185.0,185.0,181.6,182.7,52107.0
2025-12-29 02:29:45,184.0,188.1,184.0,186.7,55433.0
2025-12-30 02:29:59,188.0,190.6,186.5,186.9,142362.0
2026-01-01 02:29:56,188.0,195.0,188.0,192.4,172436.0
2026-01-02 02:29:43,196.0,196.0,191.2,193.0,85837.0
2026-01-05 02:29:32,195.0,195.0,190.0,190.8,71231.0
2026-01-06 02:29:57,190.1,193.5,190.0,192.6,89437.0
2026-01-07 02:29:33,194.9,199.8,193.1,197.0,215922.0
2026-01-08 02:29:58,198.9,202.1,196.9,198.2,218322.0
2026-01-09 02:29:58,202.1,209.9,199.3,205.9,297985.0
2026-01-13 02:29:59,210.0,210.0,198.1,200.0,166196.0
2026-01-14 02:29:58,200.0,203.0,200.0,201.9,145948.0
2026-01-15 02:29:59,202.0,203.5,200.0,202.8,113795.0
2026-01-19 02:29:40,201.1,211.5,201.1,209.1,404482.0
2026-01-21 02:29:58,211.0,229.5,210.2,226.1,1149972.0
2026-01-22 02:29:59,230.6,241.0,230.0,232.1,1840454.0
2026-01-23 02:29:59,235.0,244.5,232.1,244.0,1694796.0
2026-01-26 02:29:41,245.0,268.4,245.0,268.4,1668005.0
2026-01-27 02:29:59,273.7,291.0,269.0,282.2,2013923.0
2026-01-28 02:29:59,285.0,300.0,277.0,277.0,1780888.0
2026-01-29 02:29:59,280.0,304.7,268.3,304.7,2919410.0
2026-01-30 02:29:58,305.0,321.0,300.0,312.0,1254601.0
2026-02-02 02:29:57,311.5,341.0,305.0,326.4,1746924.0
2026-02-03 02:29:59,319.9,338.0,319.9,326.9,1252669.0
2026-02-04 02:29:59,320.4,333.0,320.4,322.0,1258177.0
2026-02-05 02:29:54,317.0,354.2,317.0,354.2,2346577.0
2026-02-06 02:29:59,361.2,372.3,351.0,352.8,1125013.0
2026-02-09 02:29:59,357.0,376.0,351.0,363.0,1426865.0
2026-02-10 02:29:59,355.9,374.9,355.9,364.8,1321108.0
2026-02-11 02:29:59,364.8,372.0,355.5,359.1,1128753.0
2026-02-12 02:29:59,365.9,392.0,360.0,385.0,1649954.0
2026-02-13 02:29:58,378.0,390.0,373.0,375.0,1051684.0
2026-02-17 02:29:59,379.0,396.0,373.0,380.0,1361580.0
2026-02-18 02:29:59,379.9,388.1,369.0,373.0,1182474.0
2026-02-23 02:29:59,373.0,373.2,335.7,342.1,1782903.0
2026-02-24 02:29:58,335.3,352.8,335.0,343.0,1047593.0
2026-02-25 02:29:59,343.0,366.0,341.0,365.0,697148.0
2026-02-26 02:29:58,361.0,365.9,352.0,352.0,803610.0
2026-02-27 02:29:59,359.0,359.0,349.0,352.0,598657.0
2026-03-02 02:29:59,345.1,362.8,345.0,361.5,742035.0
2026-03-04 02:29:59,360.0,374.2,360.0,371.9,936347.0
2026-03-09 23:31:35,379.3,409.0,379.3,394.0,40898.0
2026-03-11 02:29:59,394.0,394.0,373.4,377.8,1834065.0
2026-03-12 02:29:58,380.0,389.6,375.0,379.6,1342506.0
2026-03-13 02:29:59,380.0,384.0,367.1,368.1,913618.0
2026-03-16 02:29:57,375.4,379.8,362.0,377.8,948320.0
2026-03-17 02:29:58,380.0,400.0,371.0,396.0,1768702.0
2026-03-18 02:29:59,400.0,417.8,400.0,411.7,1258864.0
2026-03-20 02:29:59,419.9,431.8,412.0,414.1,1412159.0
2026-03-23 02:29:59,417.9,420.0,404.9,409.0,1720824.0
2026-03-24 02:29:59,417.0,421.0,405.2,419.0,980148.0
2026-03-25 02:29:59,419.2,420.0,410.0,411.4,578832.0
